Step,Date,Prompt Title,Full Prompt,Generated Files,Generated Components
STEP 1,2026-06-29,Project Setup,"Create Next.js app with TypeScript Tailwind ESLint App Router src directory. Install recharts framer-motion react-icons lucide-react react-query clsx tailwind-merge. Init shadcn and add button card table dropdown-menu input select slider avatar badge.","package.json; components.json; src/app/layout.tsx; src/app/globals.css; src/lib/utils.ts; src/components/ui/*.tsx","shadcn UI primitives (Button Card Table DropdownMenu Input Select Slider Avatar Badge)"
STEP 2,2026-06-29,Folder Structure,"Define src folder structure for dashboard components layout cards charts tables filters optimization results lib types hooks styles.","src/types/dashboard.ts; src/lib/dummyData.ts; src/styles/globals.css","Project scaffolding folders"
STEP 3,2026-06-29,Layout (Cursor Prompt 1),"Premium enterprise dashboard layout: 280px sidebar 72px navbar 24px padding/gap CSS Grid glassmorphism purple accent dark theme responsive. Background #090B12 Cards #111827 Border #2D3748 Accent #7C3AED Rounded 20px.","src/components/layout/DashboardLayout.tsx; src/components/layout/Sidebar.tsx; src/components/layout/TopNavbar.tsx; src/styles/globals.css; src/app/globals.css","DashboardLayout Sidebar TopNavbar"
STEP 4,2026-06-29,Sidebar (Cursor Prompt 2),"280px sidebar #0A1020 background. Header ATE Intelligence Enterprise Platform. Navigation: Dashboard Scan Chain Analysis MBIST LBIST Wafer Analysis Cost Intelligence Alerts Settings. Active menu purple gradient rounded-xl glow. Icons for every menu. Quick Filters: Date Range Fab Tester Product Reset Filters. Alerts badge 5. Sidebar fixed.","src/components/layout/Sidebar.tsx","Sidebar with navigation and Quick Filters"
STEP 5,2026-06-29,Top Navbar (Cursor Prompt 3),"72px sticky navbar. Left page title Executive Dashboard. Center large search bar. Right Calendar Notifications Profile Export Report AI Optimize. User Alex Johnson Admin. Notification badge 12. Glass backdrop blur.","src/components/layout/TopNavbar.tsx","TopNavbar"
STEP 6,2026-06-29,Executive KPI Cards (Cursor Prompt 4),"Six KPI cards in 6-column grid. Each card: icon title large value weekly trend sparkline hover animation. Metrics: Total Test Cost Cost per Wafer Cost per Die Test Time Yield ROI Improvement. Recharts AreaChart sparklines Framer Motion entrance. Glass card gradient border.","src/components/cards/ExecutiveCard.tsx; src/lib/dummyData.ts (executiveKPIs); src/types/dashboard.ts (ExecutiveKPI)","ExecutiveCard ExecutiveKPIGrid"
STEP 7,2026-06-29,Wafer Heatmap (Cursor Prompt 5),"Wafer Cost Heatmap canvas 40x40 circular wafer grid. Pan zoom reset fullscreen. Overlay dropdown fail density yield cost. Color legend green yellow orange red. Tooltip on hover. Spatial AI analysis.","src/components/charts/WaferHeatmap.tsx; src/lib/dummyData.ts (generateWaferHeatData); src/types/dashboard.ts (HeatmapOverlay)","WaferHeatmap"
STEP 8,2026-06-29,Pattern Analysis Table (Cursor Prompt 6),"Enterprise table columns: Pattern ID Test Time Cost Fail Rate Detect Power ROI Score Recommendation. Badges Keep Review Remove. Sticky header pagination search sorting hover row highlight.","src/components/tables/PatternTable.tsx; src/lib/dummyData.ts (patternAnalysisData); src/types/dashboard.ts (PatternRow Recommendation)","PatternTable"
STEP 9,2026-06-29,Cost Trend Chart (Cursor Prompt 7),"Recharts line chart Total Cost and Cost per Wafer over 7 days Mon-Sun. Smooth animated lines dark theme legend. Glass card wrapper.","src/components/charts/CostTrendChart.tsx; src/lib/dummyData.ts (costTrendData); src/types/dashboard.ts (CostTrendPoint)","CostTrendChart"
STEP 10,2026-06-29,Optimization Engine (Cursor Prompt 8),"Three sliders Maximum Cost Yield Target Maximum Test Time with live values. Run AI Optimization purple button with sparkle icon animated loading state.","src/components/optimization/OptimizationEngine.tsx; src/types/dashboard.ts (OptimizationParams)","OptimizationEngine"
STEP 11,2026-06-29,Optimization Results (Cursor Prompt 9),"Result card after optimization: cost reduction time savings projected yield patterns reduced total savings. Green positive values. View Optimized Pattern Set button hover animation.","src/components/results/OptimizationResult.tsx; src/lib/dummyData.ts (defaultOptimizationResults); src/types/dashboard.ts (OptimizationResults)","OptimizationResult"
STEP 12,2026-06-29,Final Polish (Cursor Prompt 10),"Inter font glassmorphism gradient borders hover lift responsive desktop tablet mobile. Integrate all components dummy JSON production ready enterprise SaaS quality comparable to Synopsys Siemens NVIDIA Intel dashboards.","src/app/dashboard/page.tsx; src/app/layout.tsx; src/app/globals.css; src/styles/globals.css; src/contexts/ThemeContext.tsx","Full dashboard integration and polish"
SETTINGS,2026-06-29,Settings Page,"Theme Settings: appearance accent sidebar card font compact animations reset. Account Presets: profile role department dashboard language timezone notifications save. Persist to localStorage. Live theme preview.","src/app/settings/page.tsx; src/types/theme.ts; src/contexts/ThemeContext.tsx; src/components/ui/switch.tsx; src/components/ui/radio-group.tsx; src/components/ui/label.tsx; src/components/settings/*.tsx","Settings page ThemeProvider ThemeSettingsPanel AccountPresetsPanel"
INTEGRATION,2026-06-29,Dashboard Page Integration,"Wire all components into main dashboard page with shared dummy data and responsive grid layout. Redirect root / to /dashboard.","src/app/dashboard/page.tsx; src/app/page.tsx","DashboardPage"
STEP 13,2026-06-29,Scan Chain Analysis Dashboard,"Cursor AI Prompt – Scan Chain Analysis Dashboard. Create premium enterprise Scan Chain Analysis dashboard for ATE Intelligence Enterprise Platform. Stack: Next.js 15 TypeScript TailwindCSS shadcn/ui Framer Motion Recharts Lucide. Theme: Background #090B12 Cards #111827 Border #2D3748 Accent #7C3AED Rounded 20px Glass Effect smooth animations responsive. LEFT SIDEBAR: ATE Intelligence Enterprise Platform nav Dashboard Scan Chain Analysis (Active) MBIST LBIST Wafer Cost Intelligence Alerts Settings purple gradient active glow fixed. TOP NAV: Scan Chain Analysis title search placeholder Search scan chains patterns chips flops Calendar Notifications Profile Export Report AI Diagnose sticky. SECONDARY NAV tabs below title: Overview Pattern Analysis Failure Analysis Scan Diagnosis Overview active purple underline bold smooth tab switch content. OVERVIEW TAB: 6 KPI cards Total Scan Chains Failing Scan Chains Failing Flops Scan Coverage Average Test Time Pattern Count icon title value trend sparkline hover. Row 2: Scan Chain Health Summary donut Healthy Warning Failing Unknown center Total Chains; Top Failing Chips horizontal bar top 10; Scan Chain Heatmap grid green yellow orange red legend. Row 3: Recent Failing Scan Chains table Chain ID Pattern ID Chip Fail Cycle Fail Type Suspected Root Cause Diagnosis Status Action search pagination sorting; Failure Distribution pie Stuck At Transition Bridging Timing Unknown; AI Diagnosis Summary card root cause critical chains debug area repair success confidence Run AI Diagnosis button. PATTERN ANALYSIS TAB: KPIs Total Patterns Active Patterns Pattern Coverage Pattern Efficiency Pattern Runtime Compressed Patterns; charts Pattern Execution Trend Pattern Cost Pattern Coverage Pattern Density; tables Pattern Summary Pattern Recommendations. FAILURE ANALYSIS TAB: KPIs Total Failures Critical Warning Recovered Root Causes Repair Rate; charts Failure Trend Failure Type Distribution Failing Regions Failure Density; tables Failure Records Root Cause Analysis AI Recommendation. SCAN DIAGNOSIS TAB: KPIs Diagnosed Unknown Repair Suggestions Diagnosis Accuracy Coverage Confidence; charts Diagnosis Timeline Chain Connectivity Graph Failure Propagation AI Confidence; tables Diagnosis Report Suspected Scan Cells Recommended Debug Points Repair Priority. COMMON: glass cards border hover lift shadow rounded 20px 24px spacing grid 2xl desktop 2 col tablet 1 col mobile. Animations fade slide scale hover glow sparkline. Typography Inter bold white headers gray subtitles large colored values. Reusable components dummy JSON separate components clean folder structure responsive production ready enterprise SaaS Synopsys Siemens NVIDIA Intel quality.","src/app/scan-chain/page.tsx; src/types/scanChain.ts; src/lib/scanChainData.ts; src/components/scan-chain/KPICard.tsx; src/components/scan-chain/ScanChainTabs.tsx; src/components/scan-chain/ChartCard.tsx; src/components/scan-chain/DataTable.tsx; src/components/scan-chain/ScanChainHeatmap.tsx; src/components/scan-chain/AIDiagnosisCard.tsx; src/components/scan-chain/ConnectivityGraph.tsx; src/components/scan-chain/charts/PieCharts.tsx; src/components/scan-chain/charts/BarCharts.tsx; src/components/scan-chain/charts/LineCharts.tsx; src/components/scan-chain/tabs/OverviewTab.tsx; src/components/scan-chain/tabs/PatternAnalysisTab.tsx; src/components/scan-chain/tabs/FailureAnalysisTab.tsx; src/components/scan-chain/tabs/ScanDiagnosisTab.tsx; src/components/layout/Sidebar.tsx; src/components/layout/TopNavbar.tsx; src/components/layout/DashboardLayout.tsx","KPICard KPIGrid ScanChainTabs ChartCard DataTable ScanChainHeatmap AIDiagnosisCard ConnectivityGraph DonutChart DistributionPie HorizontalBarChart VerticalBarChart TrendLineChart TrendAreaChart OverviewTab PatternAnalysisTab FailureAnalysisTab ScanDiagnosisTab"
STEP 14,2026-06-29,Record All Prompts,"Record the all prompt in csv and readme file.","prompts.csv; README.md","Prompt documentation archive"
STEP 15,2026-06-29,Automatic Prompt Recording,"make the automatic record the prompt in csv and readme file.",".cursor/hooks.json; .cursor/hooks/prompt-recorder.mjs; .cursor/hooks/record-prompt-start.mjs; .cursor/hooks/record-prompt-stop.mjs; .cursor/hooks/track-file-edit.mjs; scripts/record-prompt.mjs; package.json; .gitignore","prompt-recorder record-prompt-start record-prompt-stop track-file-edit"
STEP 16,2026-06-29,Recommendation Analysis Sidebar,"Add Recommendation Analysis to sidebar between Cost Intelligence and Alerts. Sparkles icon route /dashboard/recommendation-analysis. Purple gradient active state hover scale accessibility. Do not redesign sidebar.","src/components/layout/Sidebar.tsx; src/app/dashboard/recommendation-analysis/page.tsx","Sidebar RecommendationAnalysisPage"
STEP 17,2026-06-29,MBIST Analysis Dashboard,"Create premium enterprise MBIST Analysis dashboard. Stack Next.js TypeScript Tailwind shadcn Framer Motion Recharts Lucide. Theme dark enterprise glassmorphism. Sidebar MBIST Analysis active. Header MBIST Analysis subtitle Memory Built-In Self-Test Analytics. Tabs Overview Memory Health Failure Analysis Diagnosis AI Recommendation. Overview 6 KPIs memory health donut failure by bank heatmap failures table failure pie AI diagnosis. Memory Health KPIs utilization temperature access density charts. Failure Analysis KPIs trend type bank heatmap records table. Diagnosis KPIs timeline correlation connectivity root cause graphs diagnosis fail address repair tables. AI Recommendation risk cards recommendations table. Route /mbist.","src/app/mbist/page.tsx; src/types/mbist.ts; src/lib/mbistData.ts; src/components/mbist/KPICard.tsx; src/components/mbist/MBISTTabs.tsx; src/components/mbist/MBISTHeatmap.tsx; src/components/mbist/MBISTAIDiagnosisCard.tsx; src/components/mbist/MemoryGraphs.tsx; src/components/mbist/tabs/OverviewTab.tsx; src/components/mbist/tabs/MemoryHealthTab.tsx; src/components/mbist/tabs/FailureAnalysisTab.tsx; src/components/mbist/tabs/DiagnosisTab.tsx; src/components/mbist/tabs/AIRecommendationTab.tsx; src/components/layout/Sidebar.tsx; src/components/layout/TopNavbar.tsx; src/components/layout/DashboardLayout.tsx","MBISTTabs KPIGrid MBISTHeatmap MBISTAIDiagnosisCard MemoryConnectivityGraph RootCauseGraph OverviewTab MemoryHealthTab FailureAnalysisTab DiagnosisTab AIRecommendationTab"
STEP 18,2026-06-29,LBIST Analysis Dashboard,"Create premium enterprise LBIST Analysis dashboard. Subtitle Logic Built-In Self-Test Analytics Coverage and Diagnosis. Tabs Overview Coverage Analysis Failure Analysis Diagnosis AI Recommendation. Overview 6 KPIs coverage donut failure by module heatmap failures table failure pie AI diagnosis. Coverage Analysis KPIs trend block efficiency detection heatmap. Failure Analysis KPIs trend distribution density records tables. Diagnosis timeline correlation connectivity coverage correlation tables AI diagnosis. AI Recommendation 7 risk cards recommendations table. Route /lbist. Same design as Executive Scan Chain MBIST dashboards.","src/app/lbist/page.tsx; src/types/lbist.ts; src/lib/lbistData.ts; src/components/lbist/KPICard.tsx; src/components/lbist/LBISTTabs.tsx; src/components/lbist/LBISTHeatmap.tsx; src/components/lbist/LBISTAIDiagnosisCard.tsx; src/components/lbist/LogicGraphs.tsx; src/components/lbist/tabs/OverviewTab.tsx; src/components/lbist/tabs/CoverageAnalysisTab.tsx; src/components/lbist/tabs/FailureAnalysisTab.tsx; src/components/lbist/tabs/DiagnosisTab.tsx; src/components/lbist/tabs/AIRecommendationTab.tsx; src/components/layout/Sidebar.tsx","LBISTTabs KPIGrid LBISTHeatmap LBISTAIDiagnosisCard LogicConnectivityGraph OverviewTab CoverageAnalysisTab FailureAnalysisTab DiagnosisTab AIRecommendationTab"
STEP 19,2026-06-29,Recommendation Analysis Dashboard,"Create premium enterprise Recommendation Analysis dashboard centralized AI recommendation module consolidating Scan Chain MBIST LBIST and Wafer Analysis. Route /recommendation-analysis. Header subtitle AI-powered unified recommendations. Primary action Generate AI Recommendations. Tabs Overview Scan Chain MBIST LBIST Wafer Analysis. Overview 6 KPIs source donut priority bar trend line unified table AI executive summary recommendation engine workflow bottom AI summary. Module tabs domain KPIs charts tables. Priority badges Critical High Medium Low. Dark enterprise glassmorphism theme.","src/app/recommendation-analysis/page.tsx; src/types/recommendation.ts; src/lib/recommendationData.ts; src/components/recommendation/KPICard.tsx; src/components/recommendation/RecommendationTabs.tsx; src/components/recommendation/Badges.tsx; src/components/recommendation/AIExecutiveSummaryCard.tsx; src/components/recommendation/EnginePanels.tsx; src/components/recommendation/WaferRecHeatmap.tsx; src/components/recommendation/tabs/OverviewTab.tsx; src/components/recommendation/tabs/ScanChainTab.tsx; src/components/recommendation/tabs/MbistTab.tsx; src/components/recommendation/tabs/LbistTab.tsx; src/components/recommendation/tabs/WaferTab.tsx; src/components/layout/Sidebar.tsx; src/app/dashboard/recommendation-analysis/page.tsx","RecommendationTabs KPIGrid PriorityBadge ModuleBadge StatusBadge AIExecutiveSummaryCard RecommendationEnginePanel WorkflowPanel BottomAISummaryPanel OverviewTab ScanChainTab MbistTab LbistTab WaferTab WaferRecHeatmap"
STEP 20,2026-06-29,Cost Intelligence Dashboard,"Create premium enterprise Cost Intelligence dashboard. Route /cost-intelligence. Subtitle analyze and optimize semiconductor test costs across Scan Chain MBIST LBIST and Wafer Analysis. Primary action Generate Cost Optimization. Tabs Overview Scan Chain Cost MBIST Cost LBIST Cost Wafer Cost AI Cost Optimization. Overview 6 KPIs cost contribution donut cost breakdown bar monthly trend stacked distribution product cost table AI cost summary enterprise summary. Module tabs KPIs charts tables. AI optimization recommendation table engine categories enterprise cost summary.","src/app/cost-intelligence/page.tsx; src/types/costIntelligence.ts; src/lib/costIntelligenceData.ts; src/components/cost-intelligence/KPICard.tsx; src/components/cost-intelligence/CostTabs.tsx; src/components/cost-intelligence/CostCharts.tsx; src/components/cost-intelligence/CostPanels.tsx; src/components/cost-intelligence/WaferCostHeatmap.tsx; src/components/cost-intelligence/tabs/OverviewTab.tsx; src/components/cost-intelligence/tabs/ScanChainCostTab.tsx; src/components/cost-intelligence/tabs/MbistCostTab.tsx; src/components/cost-intelligence/tabs/LbistCostTab.tsx; src/components/cost-intelligence/tabs/WaferCostTab.tsx; src/components/cost-intelligence/tabs/AICostOptimizationTab.tsx; src/components/layout/Sidebar.tsx","CostTabs KPIGrid ModuleHorizontalBarChart StackedCostBarChart AICostSummaryCard CostOptimizationEnginePanel EnterpriseCostSummaryPanel OverviewTab ScanChainCostTab MbistCostTab LbistCostTab WaferCostTab AICostOptimizationTab WaferCostHeatmap"
STEP 21,2026-06-29,Alerts Dashboard,"Create premium enterprise Alerts dashboard real-time monitoring and notification center consolidating Scan Chain MBIST LBIST Wafer Cost Intelligence and AI Recommendation alerts. Route /alerts. Subtitle monitor and manage real-time alerts. Primary action Mark All as Read. Tabs Overview Scan Chain Alerts MBIST Alerts LBIST Alerts Wafer Alerts Cost Alerts AI Recommendation Alerts. Overview 6 KPIs alert distribution donut severity bar trend line recent alerts table critical alert summary workflow executive summary. Module tabs KPIs charts tables. Severity badges Critical High Medium Low. Alert workflow animated steps.","src/app/alerts/page.tsx; src/types/alerts.ts; src/lib/alertsData.ts; src/components/alerts/KPICard.tsx; src/components/alerts/AlertTabs.tsx; src/components/alerts/Badges.tsx; src/components/alerts/AlertPanels.tsx; src/components/alerts/WaferAlertHeatmap.tsx; src/components/alerts/tabs/OverviewTab.tsx; src/components/alerts/tabs/ScanChainAlertsTab.tsx; src/components/alerts/tabs/MbistAlertsTab.tsx; src/components/alerts/tabs/LbistAlertsTab.tsx; src/components/alerts/tabs/WaferAlertsTab.tsx; src/components/alerts/tabs/CostAlertsTab.tsx; src/components/alerts/tabs/AIRecommendationAlertsTab.tsx; src/components/layout/Sidebar.tsx","AlertTabs KPIGrid SeverityBadge AlertStatusBadge ModuleBadge CriticalAlertSummaryCard AlertWorkflowPanel ExecutiveAlertSummaryPanel OverviewTab ScanChainAlertsTab MbistAlertsTab LbistAlertsTab WaferAlertsTab CostAlertsTab AIRecommendationAlertsTab WaferAlertHeatmap"
STEP 22,2026-06-29,Upload Test Data,"Add enterprise Upload Test Data feature top navbar UploadCloud button purple gradient modal drag-drop react-dropzone dataset category metadata progress upload history. Supported STDF STIL WGL CSV XLSX JSON ZIP XML max 10GB. Frontend UI UX only no backend simulated progress toast client-side history.","src/components/upload/UploadDataModal.tsx; src/components/upload/UploadDropzone.tsx; src/components/upload/UploadProgressPanel.tsx; src/components/upload/UploadHistoryTable.tsx; src/components/upload/UploadToastStack.tsx; src/contexts/UploadContext.tsx; src/types/upload.ts; src/lib/uploadData.ts; src/components/ui/dialog.tsx; src/components/ui/progress.tsx; src/components/layout/TopNavbar.tsx; src/app/layout.tsx","UploadDataModal UploadDropzone UploadProgressPanel DataUploadHistoryTable UploadProvider UploadToastStack"
STEP 23,2026-06-29,Upload Log File,"Add enterprise Upload Log File button beside Upload Data FileText dark glass purple border modal ATE log upload log source tester metadata validation progress 5-step pipeline AI log summary upload history actions. Supported STDF STIL WGL LOG TXT CSV JSON XML ZIP GZ max 5GB. Frontend UI UX only no backend toast notifications.","src/components/upload/UploadLogFileModal.tsx; src/components/upload/UploadDataModal.tsx; src/components/upload/UploadDropzone.tsx; src/components/upload/UploadProgressPanel.tsx; src/components/upload/UploadHistoryTable.tsx; src/contexts/UploadContext.tsx; src/types/upload.ts; src/lib/uploadData.ts; src/components/layout/TopNavbar.tsx","UploadLogFileModal LogUploadHistoryTable ValidationResult PipelineStep AILogSummary"
STEP 24,2026-06-29,Complete Remaining Platform Functionality,"Complete remaining frontend functionality for ATE Intelligence Enterprise Platform. Zustand stores filters user uploads notifications settings. Route migration to /dashboard/* with redirects and wafer-analysis page. Global search calendar notifications export responsive nav sidebar. Filter engine primary actions AI diagnosis apply recommendation. Upload persistence profile loading empty error states accessibility. Do not redesign page shell.","src/stores/*.ts; src/app/dashboard/wafer-analysis/page.tsx; src/components/filters/*; src/components/search/*; src/components/notifications/*; src/components/export/*; src/components/ai/*; src/components/states/*","FilterStore UserStore UploadStore NotificationStore SettingsStore GlobalSearch ExportPanel AIDiagnosisPanel ApplyRecommendationButton"
STEP 25,2026-06-29,Pattern Analysis KPI Dashboard,"Scan Chain Pattern Analysis tab enterprise KPI dashboard. 11 KPIs PA-001 to PA-011: Total Patterns Active Patterns Pattern Coverage Pattern Efficiency Pattern Runtime Compressed Patterns Pattern Import Rate Pattern Redundancy Pattern Similarity Pattern Cluster Count Pattern Optimization Score. Charts: Pattern Import Trend Pattern Coverage Trend Pattern Cluster Distribution donut Pattern Similarity Scatter. Table: Pattern ID Category Coverage Efficiency Runtime Redundancy Similarity Cluster Recommendation Priority Status. Dark enterprise glass theme Recharts Framer Motion.","src/components/scan-chain/tabs/PatternAnalysisTab.tsx; src/components/scan-chain/pattern/PatternKPIGrid.tsx; src/components/scan-chain/pattern/PatternImportTrendChart.tsx; src/components/scan-chain/pattern/PatternCoverageTrendChart.tsx; src/components/scan-chain/pattern/PatternClusterPieChart.tsx; src/components/scan-chain/pattern/PatternSimilarityScatter.tsx; src/components/scan-chain/pattern/PatternAnalysisTable.tsx; src/types/scanChain.ts; src/lib/scanChainData.ts; src/styles/globals.css (.pattern-kpi-grid)","PatternKPIGrid PatternImportTrendChart PatternCoverageTrendChart PatternClusterPieChart PatternSimilarityScatter PatternAnalysisTable"
STEP 26,2026-06-29,Pattern Analysis Tab Refinement,"Remove from Scan Chain Pattern Analysis tab: header action box Upload Export Generate AI buttons AI Recommendation Summary section Redundancy Heatmap Similarity Matrix. Keep 11 KPIs import/coverage trend charts cluster pie scatter chart pattern table.","src/components/scan-chain/tabs/PatternAnalysisTab.tsx","PatternAnalysisTab (simplified layout)"
STEP 27,2026-06-29,Failure Analysis KPI Dashboard,"Scan Chain Failure Analysis tab enterprise KPI dashboard. 12 KPIs FA-FR-001 to FA-FR-012: Total Failures Critical Failures Warning Failures Recovered Failures Failure Rate Root Cause Count Repair Rate Mean Time to Repair Failure Density Failure Trend Score Failure Impact Score Failure Recovery Score. Charts: Failure Trend Failure Type Distribution Failure by Lot Failure Density. Table: Failure ID Pattern ID Chip Fail Type Root Cause Severity Status Repair Action Priority. Dark enterprise glass theme.","src/components/scan-chain/tabs/FailureAnalysisTab.tsx; src/components/scan-chain/failure/FailureKPIGrid.tsx; src/components/scan-chain/failure/FailureTrendChart.tsx; src/components/scan-chain/failure/FailureTypeDistributionChart.tsx; src/components/scan-chain/failure/FailureByLotChart.tsx; src/components/scan-chain/failure/FailureAnalysisTable.tsx; src/types/scanChain.ts; src/lib/scanChainData.ts","FailureKPIGrid FailureTrendChart FailureTypeDistributionChart FailureByLotChart FailureAnalysisTable"
STEP 28,2026-06-29,Failure Analysis Tab Refinement,"Remove from Scan Chain Failure Analysis tab: header action box Upload Export Generate AI buttons AI Recommendation Summary Wafer Die heatmaps Correlation Matrix Root Cause Analysis section. Keep 12 KPIs failure trend charts distribution by-lot charts failure table.","src/components/scan-chain/tabs/FailureAnalysisTab.tsx","FailureAnalysisTab (simplified layout)"
STEP 29,2026-06-29,Recommendation Analysis AI Agent Center,"Redesign Recommendation Analysis page as single AI Recommendation Center without module tabs Overview Scan Chain MBIST LBIST Wafer. Three agent sections on one page: Pattern Recommendation Agent Scan Debug Recommendation Agent Test Optimization Recommendation Agent. Each section KPIs charts tables AI summary workflow. Do not redesign sidebar or top nav.","src/app/dashboard/recommendation-analysis/page.tsx; src/components/recommendation/RecommendationCenterContent.tsx; src/components/recommendation/CenterKPIGrid.tsx; src/components/recommendation/AgentSummaryCard.tsx; src/components/recommendation/AgentWorkflowDiagram.tsx; src/types/recommendation.ts; src/lib/recommendationData.ts","RecommendationCenterContent CenterKPIGrid AgentSummaryCard AgentWorkflowDiagram"
STEP 30,2026-06-29,Recommendation Analysis AI Agent Tabs,"Redesign Recommendation Analysis with 3 AI Agent tabs persisted in uiStore: Pattern Recommendation Agent Scan Debug Recommendation Agent Test Optimization Recommendation Agent. Animated tab switching Framer Motion. Remove old 5 module tabs. Route /dashboard/recommendation-analysis.","src/components/recommendation/RecommendationCenterContent.tsx; src/components/recommendation/AgentTabs.tsx; src/components/recommendation/tabs/PatternAgentTab.tsx; src/components/recommendation/tabs/ScanDebugAgentTab.tsx; src/components/recommendation/tabs/TestOptAgentTab.tsx; src/stores/uiStore.ts; src/types/recommendation.ts","AgentTabs PatternAgentTab ScanDebugAgentTab TestOptAgentTab RecommendationCenterContent"
STEP 31,2026-06-29,Scan Debug Recommendation Agent Tab,"Scan Debug Recommendation Agent tab full enterprise dashboard. 15 KPIs in 5 sections ai-rec-kpi-grid 5 cols desktop: Debug Queue Open Issues Critical Debug Items Root Cause Identified Repair Success Rate Diagnosis Coverage Debug Cycle Time Pattern Failures Scan Chain Failures Suspected Cells Debug Priority Score AI Confidence Debug Cost Impact Expected Yield Gain. Charts: root cause donut priority bar 30-day trend. Table: Recommendation ID Category Priority Expected Impact Action Status. AI Debug Executive Summary 9 cards. Debug workflow diagram action bar.","src/components/recommendation/tabs/ScanDebugAgentTab.tsx; src/components/recommendation/SectionedKPIGrid.tsx; src/components/recommendation/AgentTabHeader.tsx; src/components/recommendation/AgentActionBar.tsx; src/lib/recommendationData.ts (scanDebugAgent*); src/styles/globals.css (.ai-rec-kpi-grid)","ScanDebugAgentTab SectionedKPIGrid AgentTabHeader AgentActionBar"
STEP 32,2026-06-29,Test Optimization Recommendation Agent Tab,"Test Optimization Recommendation Agent tab full enterprise dashboard. 19 KPIs in 7 sections test-opt-kpi-grid 3 cols desktop: Total Recommendations Active Optimizations Cost Savings Potential Time Savings Potential Yield Improvement Potential Test Time Reduction Pattern Count Reduction Site Utilization Score Tester Efficiency Score ROI Score Optimization Confidence Priority Score Assigned Engineers Pending Actions Completed Actions Expected Cost Impact Expected Yield Gain Optimization Score. Charts: priority donut priority bar 30-day trend yield line cost area site utilization heatmap 16 sites. Table: Recommendation ID Category Priority Confidence Assigned Engineer Expected Impact Action Status. Executive AI Summary 8 cards. Optimization workflow action bar.","src/components/recommendation/tabs/TestOptAgentTab.tsx; src/components/recommendation/SiteUtilizationHeatmap.tsx; src/lib/recommendationData.ts (testOptAgent*); src/styles/globals.css (.test-opt-kpi-grid)","TestOptAgentTab SiteUtilizationHeatmap SectionedKPIGrid AgentTabHeader AgentActionBar"
STEP 33,2026-06-29,Record All Prompts (Session Update),"have upload all promt to csv and readme fie","prompts.csv; README.md","Prompt documentation archive (STEP 24-33)"
STEP 34,2026-06-29,Wafer Analysis Module (All Tabs),"Create premium enterprise Wafer Analysis module for ATE Intelligence Enterprise Platform. Route /dashboard/wafer-analysis redirect /wafer-analysis. Stack Next.js TypeScript Tailwind shadcn Recharts Framer Motion Zustand HTML5 Canvas. Theme dark enterprise #090B12 #111827 #2D3748 #7C3AED glass 20px. Keep sidebar top nav search upload export filters. Header Wafer Analysis subtitle AI-powered wafer defect classification yield analysis hotspot detection spatial intelligence. Primary action Generate Yield Analysis. 10 tabs TabPanelHost keep-alive: Overview Centre Donut Edge-Ring Scratch Near-Full Normal Edge-Loc Local Random. Overview: Input Die Statistics 5 KPIs Defect Classification 9 clickable KPIs Yield Analysis positive negative donut Gallery 9 cards Upload Workflow 8 steps Bottom Summary 7 KPIs. Defect tabs shared DefectClassTab: header 8 KPIs Upload History list Overlay Analytics canvas Fail Density canvas Info Panel workflow. Data waferData.ts wafer.ts buildWaferImages getDefectBundle defectClassMeta galleryCards. Components WaferTabs WaferNavigationContext KPICard DefectClassKPIGrid WaferGalleryGrid BottomSummaryBar UploadHistoryPanel WaferAnalysisViews WaferInfoPanel OverviewTab DefectClassTab. Match Scan Chain MBIST enterprise quality.","src/app/dashboard/wafer-analysis/page.tsx; src/app/wafer-analysis/page.tsx; src/types/wafer.ts; src/lib/waferData.ts; src/components/wafer/WaferTabs.tsx; src/components/wafer/WaferNavigationContext.tsx; src/components/wafer/KPICard.tsx; src/components/wafer/DefectClassKPIGrid.tsx; src/components/wafer/WaferGalleryGrid.tsx; src/components/wafer/BottomSummaryBar.tsx; src/components/wafer/UploadHistoryPanel.tsx; src/components/wafer/WaferAnalysisViews.tsx; src/components/wafer/WaferInfoPanel.tsx; src/components/wafer/tabs/OverviewTab.tsx; src/components/wafer/tabs/DefectClassTab.tsx","WaferTabs WaferNavigationProvider TabPanelHost OverviewTab DefectClassTab KPIGrid DefectClassKPIGrid WaferGalleryGrid BottomSummaryBar UploadHistoryPanel WaferAnalysisViews WaferInfoPanel"
STEP 35,2026-06-29,Wafer Analysis Images in Data,"Update wafer data to include wafer images in waferData.ts not separate asset system. WaferImages interface wafer overlay density SVG data URIs via buildWaferImages buildWaferImageUri. Attach images to defectClassMeta galleryCards topDefectWafers allUploads analysisRows. Components use img src from data. Remove separate WaferDieMap canvas generator.","src/types/wafer.ts; src/lib/waferData.ts; src/components/wafer/WaferGalleryGrid.tsx; src/components/wafer/UploadHistoryPanel.tsx; src/components/wafer/WaferAnalysisViews.tsx","WaferImages buildWaferImages buildWaferImageUri"
STEP 36,2026-06-29,Wafer Analysis UI Refinement,"Overview remove: Yield Trend Yield Distribution Defect Class Breakdown Recent Wafer Yield Top Defect Wafers table. Keep Input Die Statistics Defect Classification positive negative donut Gallery Workflow Summary. Defect tabs remove Class Probability Distribution AI Insights separate Recent History. Upload History single selectable list allUploads 10 items drives canvas maps. Overlay Analytics canvas teal good gold fail cyan cluster boxes. Fail Density canvas smooth heatmap blue cyan yellow purple crosshair X Y tooltip. Info panel updates from selected upload.","src/components/wafer/tabs/OverviewTab.tsx; src/components/wafer/tabs/DefectClassTab.tsx; src/components/wafer/UploadHistoryPanel.tsx; src/components/wafer/WaferAnalysisViews.tsx; src/lib/waferData.ts; src/types/wafer.ts","UploadHistoryPanel WaferAnalysisViews OverlayAnalyticsCanvas FailDensityCanvas"
STEP 37,2026-06-29,Wafer Analysis Records Removal,"Remove Wafer Analysis Records table from all defect class tabs. Remove analysisRows from defect bundle and buildAnalysisRows from waferData.","src/components/wafer/tabs/DefectClassTab.tsx; src/lib/waferData.ts; src/types/wafer.ts","DefectClassTab (simplified)"
STEP 38,2026-06-29,Platform Tab Performance Optimization,"Improve tab and section response time without UI visual changes. TabPanelHost lazy mount keep-alive hidden inactive tabs. Remove artificial setTimeout delays in usePlatformData. Executive dashboard useMemo not skeleton gate. React Query cache defaults refetchOnWindowFocus false staleTime 60s. Wafer heatmap pan functional setState. Apply TabPanelHost to scan-chain mbist lbist wafer-analysis cost-intelligence alerts recommendation-analysis.","src/components/platform/TabPanelHost.tsx; src/hooks/usePlatformData.ts; src/app/dashboard/page.tsx; src/components/providers/QueryProvider.tsx; src/app/dashboard/scan-chain/page.tsx; src/app/dashboard/mbist/page.tsx; src/app/dashboard/lbist/page.tsx; src/app/dashboard/wafer-analysis/page.tsx; src/app/dashboard/cost-intelligence/page.tsx; src/app/dashboard/alerts/page.tsx; src/components/recommendation/RecommendationCenterContent.tsx; src/components/charts/WaferHeatmap.tsx","TabPanelHost useFilteredExecutiveData QueryProvider"
STEP 39,2026-06-29,Record All Prompts (Full Platform Update),"Update all prompts to prompts.csv and README.md including Wafer Analysis module all tabs data images UI refinements performance optimization and current platform state.","prompts.csv; README.md","Prompt documentation archive (STEP 1-39)"
